{"cameraMode":{"drawMode":0,"name":"Shaded","section":"Shading Mode"},"sceneLighting":true,"audioPlay":false,"sceneViewState":{"m_AlwaysRefresh":false,"showFog":true,"showSkybox":true,"showFlares":true,"showImageEffects":true,"showParticleSystems":true,"showVisualEffectGraphs":true,"m_FxEnabled":true},"in2DMode":false,"pivot":{"x":-3.2186098098754885,"y":-0.6663148403167725,"z":-0.0784212201833725},"rotation":{"x":0.06908372044563294,"y":-0.6967904567718506,"z":0.06772780418395996,"w":0.7107220888137817},"size":3.887970447540283,"orthographic":false}